ORGANIZATION,ADDRESS,Tel,FAX,WEBSITE,EMAIL,lon,lat
Abilities Beyond Limitations and Expectations Ltd,Blk 7A Lorong 8 Toa Payoh  #02-09 Singapore  319264,6801 7460,-,www.able-sg.org,enquiries@able-sg.org,103.8569033,1.3401235
ACTS Baptist Church,Blk 1023  Upper Serangoon Road #04-01 Singapore 534761,6611 0610,-,www.actsbc.org,contact@actsbc.org,103.887782,1.3628945
Agency for Integrated Care,Blk 5 Maxwell RoadTower Block MND Complex #10-00 Singapore 069110,6603 6800,-,www.aic.sg,enquiries@aic.sg,103.845805,1.278909
AIN Society,Blk 2 Eunos Crescent  #01-2545 400002,6848 5166,6844 7243,www.ainsociety.org.sg,query@ainsociety.org.sg,103.9022771,1.3207072
Alexandra Health Pte Ltd,Blk 90 Yishun Central Khoo Teck Puat Hospital Singapore 768828,6602 2588,6602 3792,www.alexandrahealth.com.sg,tan.chin.yee@alexandrahealth.com.sg,103.8381574,1.4245534
Alexandra Hospital - Care & Counselling,Blk 378 Alexandra Road Singapore 159964,6379 3260,-,www.ah.com.sg,alexcnc_enquiries@nuhs_edu.sg,103.8009269,1.2867597
Alexandra Hospital - Medical Social Service,Blk 378 Alexandra Road Singapore 159964,6472 2000,6379 3880,www.alexhosp.com.sg,enquiries@juronghealth.com.sg,103.8009269,1.2867597
aLife Ltd,Blk 308 Shunfu Road #01-165 Singapore 570308,6258 8816,6258 4339,www.alife.org.sg,peiyan@alife.org.sg,103.837687,1.350699
Alzheimer’s Disease Association,"Blk 20  Bendemeer Road, BS Bendemeer Centre #01-02 Singapore  339914",6389 5103,6293 6631,www.alz.org.sg,-,103.8620717,1.3144299
AMKFSC Community Services Ltd - Ang Mo Kio,Blk 230 Ang Mo Kio Avenue 3 #01-1264 Singapore  560230,6453 5349,6455 6183,www.amkfsc.org.sg,amkfsc230@amkfsc.org.sg,103.837884,1.3688659
AMKFSC Community Services Ltd - Cheng San,Blk 445 Ang Mo Kio Avenue 10 #01-1647 Singapore 560445,6457 8559,6457 1225,www.amkfsc.org.sg,amkfsc@starhub.net.sg,103.855623,1.36701
AMKFSC Community Services Ltd - COMNET Senior Serv,Blk 469  Ang Mo Kio Avenue 10 #01-940 Singapore 560469,6451 0898,6451 0547,www.amkfsc.org.sg,stevenpeh@amkfsc.org.sg,103.8566617,1.3645762
AMKFSC Community Services Ltd - NRS,Blk 11 Changi North Way  #04-03 Serial I-Tech Singapore 498796,6241 2593,-,-,-,103.971877,1.353027
AMKFSC Community Services Ltd - Punggol,Blk 616 Punggol Drive #01-01 Singapore 820616,6435 5323,6444 0311,www.amkfsc.org.sg,punggol@amkfsc.org.sg,103.9086519,1.4051034
AMKFSC Community Services Ltd - Sengkang,Blk 223D Compassvale Walk #01-673 Singapore 544223,6312 8100,6312 5631,www.amkfsc.org.sg,sengkang@amkfsc.org.sg,103.8975883,1.3893208
AMKFSC Community Services Ltd - Transition Plus,Blk 118D Jalan Membina #01-1111 Singapore 164118,8292 1158,-,www.amkfsc.org.sg,transitionplus@amkfsc.org.sg,103.8268112,1.2826578
Anglican Cluster Operator @ Jurong East,Blk 374  Jurong East Street 32 #01-486 Singapore 600374,6262 1183,6262 0435,www.sacs.org.sg,naixiang_hui@sacs.org.sg,103.732657,1.34968
APSN Delta Senior School,Blk 3  Choa Chu Kang Grove Singapore  688237,6276 3818,6468 3608,www.apsn.org.sg,dss@apsn.org.sg,103.7498279,1.3742452
APSN Katong School,Blk 900 New Upper Changi Road Singapore 467354,6643 0307,6445 6313,www.apsn.org.sg,ks@apsn.org.sg,103.9428662,1.3255854
Archdiocese Commission for the Pastoral Care of Migrants & Itinerant People,Blk 2 Highland Road #03-19 Singapore 549102,6280 5424,6284 8156,www.migrants.org.sg,migrants@singnet.com.sg,103.8766361,1.35597
As-Salaam Family Support Centre,Blk 322 Ubi Avenue 1 #01-591 Singapore 400322,6745 5862,6743 2749,www.ppis.sg,as-salaam@ppis.sg,103.9049672,1.3283188
Assisi  Hospice,Blk 820 Thomson Road  Singapore 574623,6347 6446,6253 5312,www.assisihospice.org.sg,assisi@assisihospice.org.sg,103.8379548,1.3419083
Association of Muslim Professionals,Blk 1 Pasir Ris Drive 4 #05-11 519457,6416 3966,6583 8028,www.amp.org.sg,corporate@amp.org.sg,103.9589699,1.369059
Autism Association (Singapore),Blk 101 Bukit Batok West Avenue 3 #01-01 Singapore 659168,6592 5627,6592 5626,www.autismlinks.org.sg,enquiry@autism-association.org.sg,103.7430524,1.3509206
AWWA Family Service Centre,Blk 107 Towner Road #01-356 Singapore 321107,6511 9456,6291 6639,www.awwa.org.sg,awwafsc@awwa.org.sg,103.859748,1.3190464
AWWA Health and Senior Care,Blk 123 Ang Mo Kio Ave 6 #03-4033 560123,6456 2557,6553 0752,www.awwa.org.sg,awwahome@awwa.org.sg,103.8448587,1.3704367
AWWA Integrated Home and Day Care,Blk 6 Boon Keng Road  #01-52 Singapore    330006,6511 5250,-,www.awwa.org.sg,ihdc@awwa.org.sg,103.8628633,1.3166783
AWWA Ltd Disability Support,Blk 9 Lorong Napiri Singapore 547531,6511 5255,6511 5208,www.awwa.org.sg,pcaredisability@awwa.org.sg,103.8785571,1.3723548
AWWA School,Blk 11  Lorong Napiri Singapore 547532,6511 5280,6511 5281,www.awwa.org.sg,awwaschool@awwa.org.sg,103.878994,1.3726501
AWWA Transitional Shelter,Blk 46 Lengkok Bahru #01-255 Singapore 150046,6511 7272,-,www.awwa.org.sg,ts@awwa.org.sg,103.8126376,1.28705
Babes Pregnancy Crisis Support Ltd,Blk 26 Jalan Klinik #01-42/52 Singapore 160026,6664 8591,6274 0633,www.babes.org.sg,hello@babes.org.sg,103.8283736,1.288261
Beautiful People Sg Ltd,Blk 1 Lorong 2 Toa Payoh #07-00 Braddell House Singapore 319637,63480480,-,www.beautifulpeople.org.sg,contact@beautifulpeople.org.sg,103.8474403,1.3402113
Bethesda C. A. R. E. Centre,Blk 242 Hougang Street 22 #01-93 Singapore 530242,6488 0267,6383 0625,www.bcare.org.sg,admin@bcare.org.sg,103.892167,1.3573638
Bethesda Care & Counselling Services Centre,Blk 300 Bedok North Avenue 3 Singapore 469717,6445 1500,6443 0733,www.bccsc.org,admin@bccsc.org,103.934759,1.331242
Beyond Social Services,Blk 26 Jalan Klinik #01-42/52 Singapore  160026,6375 2940,6372 1656,www.beyond.org.sg,mail@beyond.org.sg,103.8283736,1.288261
Bishan Home For The Intellectually Disabled,Blk 6 Bishan Street 13 Singapore  579798,6353 3515,6353 6753,info.bishanhome.org.sg,info@bishanhome.org.sg,103.8550497,1.3476352
Bishan Toa Payoh CCC North Child Care & Delpmt Ctr,Blk 199 Toa Payoh North #01-1019 Singapore 310199,6256 1949,6250 2810,www.btptc.org.sg,pamphua7@pacific.net.sg,103.8506561,1.3419864
Bizlink Centre Singapore Ltd,Blk 512 Chai Chee Lane Bedok Industrial Estate #01-09 Singapore 469028,6449 5652,6449 5694,www.bizlink.org.sg,-,103.9175359,1.3306073
Blossom World Society,Blk 9 Toh Yi Drive #01-321 Singapore  590009,9737 0049,-,www.blossomworld.sg,tong.likheng@gmail.com,103.7735755,1.3382686
Boy's Town Singapore,Blk 624 Upper Bukit Timah Road  678212,66905420,67627846,www.boystown.org.sg,rajan@boystown.org.sg,103.7674889,1.3696851
Brahm Centre Ltd - Novena,"Blk 71  Irrawaddy Road, Ren Ci Hospital  #03-09 Singapore 329562",6258 0831,-,www.brahmcentre.com,info@brahmcentre.com,103.8458206,1.3230139
Bright Hill Evergreen Home,Blk 100 Punggol Field Singapore 828811,6459 3492,6452 2507,www.bheh.org,enquiry@bheh.org,103.9151626,1.3921916
Bright Vision Hospital,Blk 5 Lorong Napiri Singapore 547530,6248 5755,6881 3872,www.bvh.org.sg,caremail@singnet.com.sg,103.8780833,1.3719348
Care Community Services Society,Blk 247 Trinity @ Paya Lebar Paya Labar Road #03-02 Singapore 409045,6304 7604,6743 9950,www.carecom.org.sg,ccss@carecom.org.sg,103.8888785,1.3313734
Care Corner - Circle of Care Child Services,Blk 624B Woodlands Drive 52  #01-19 Singapore 732624,6835 0921,6825 0922,www.circleofcare.sg,circleofcare@carecorner.org.sg,103.8002685,1.4343509
Care Corner - Teck Ghee Youth Centre,Blk 346 Ang Mo Kio Aveue 3 #01-2280 Singapore 560346,6554 7100,6554 7105,www.carecorner.org.sg,cc-tgyc@carecorner.org.sg,103.8497283,1.3671343
Care Corner Cluster Support @ Toa Payoh,Blk 62B  Lor 4 Toa Payoh  #02-121 Singapore  312062,62586601,62587550,www.carecorner.org.sg,tp.cs@carecorner.org.sg,103.851177,1.3357852
Care Corner Cluster Support @ Woodlands,Blk 4  Marsiling Road  #03-5079 Singapore 730004,6570 3919,6570 3528,www.carecorner.org.sg,wl.cs@carecorner.org.sg,103.7763951,1.4393451
Care Corner Counselling Centre,Blk 62B Lorong 4 Toa Payoh #02-143 Singapore 312062,6353 1180,6354 1180,www.carecorner.org.sg,cccc@carecorner.org.sg,103.85115,1.3357851
Care Corner Family Service Centre - Admiralty,Blk 718 Woodlands Avenue 6 #01-658 730718,6365 8751,6365 6267,www.carecorner.org.sg,"am.fsc@carecorner.org.sg,",103.8012291,1.4419608
Care Corner Family Service Centre - Queenstown,Blk 88 Tanglin Halt Road #05-01 Singapore 141088,6476 1481,6476 1483,www.carecorner.org.sg,qt.fsc@carecorner.org.sg,103.7985786,1.3010063
Care Corner Family Service Centre - Tampines,Blk 299B Tampines Street 22 #01-670 Singapore 522299,6786 6225,6786 6077,www.carecorner.org.sg,tmfsc@carecorner.org.sg,103.954147,1.349515
Care Corner Family Service Centre - Toa Payoh,Blk 158 Lorong 1 Toa Payoh #01-1522 Singapore 310158,6356 1622,6356 1623,www.carecorner.org.sg,tp.fsc@carecorner.org.sg,103.8449493,1.3314779
Care Corner Family Service Centre - Woodlands,Blk 345 Woodlands Street 32 #01-198 Singapore 730345,6362 2481,6362 4842,www.carecorner.org.sg,wl.fsc@carecorner.org.sg,103.7802694,1.432463
Care Corner Project StART,Blk 7A Commonwealth Avenue  #01-672 Singapore 141007,6476 1482,6779 7995,www.carecorner.org.sg,projectstart@carecorner.org.sg,103.7953467,1.3067196
Care Corner Senior Services Ltd,Blk 235 Toa Payoh Lorong 8 #01-100 Singapore 310235,6253 6979,6253 7216,www.carecorner.org.sg,tp.sdc@carecorner.org.sg,103.8592479,1.3352931
Care Corner Singapore Ltd,Blk 8   New Industrial Road #06-03  LHK3 Building 536200,6250 6813,6253 7946,www.carecorner.org.sg,sarahng@carecorner.org.sg,103.8855308,1.3417361
Care Corner Singapore Ltd - Youth Go!,Blk Blk 943  Tampines Avenue 5 #01-271 Singapore  520943,6786 6061,6786 6187,www.carecorner.org.sg,youthgo@carecorner.org.sg,103.941165,1.350297
Caregiving Welfare Association,Blk 3 Ghim Moh Road #01-294 Singapore 270003,6466 7957,6466 5927,www.cwa.org.sg,contact@cwa.org.sg,103.7876637,1.3127143
CareHub @ Alexandra Hospital,Blk 378 Alexandra Road Singapore 159964,6370 6614,-,www.ah.com.sg,AH_Enquiries@nuhs.edu.sg,103.8009269,1.2867597
Casa Raudha Women Home,Blk Jurong Point Post Office PO Box 455 Singapore  916416,68981316,68981376,www.casaraudha.org,enquiry@casaraudha.org,103.7067297,1.3397443
Cathedral Of The Good Shepherd,Blk A Queens Street  Singapore  188533,6337 2036,-,www.cathedral.catholic.sg,cathedral@catholic.org.sg,103.8512115,1.2960775
Catholic Welfare Services,Blk 55 Waterloo Street  #06-01 Singapore 187954,6339 4711,-,www.catholicwelfare.org.sg,jason@catholicwelfare.org.sg,103.8514941,1.298279
Central Singapore CDC (Programmes),Blk 490 HDB Hub BizThree Lorong 6 Toa Payoh #07-11 Singapore 310490,6715 7500,6370 9945,www.centralsingaporecdc.org.sg,-,103.848532,1.332516
Central Singapore CDC (SS BoonHua),"Blk 490 Toa Payoh Lor 6, HDB Hub, BizThree #04-10 Singapore 310490",6370 9471,-,www.centralsingapore.org.sg,pa-cscdc-ss@pa.gov.sg,103.8485945,1.3324516
Central Singapore Community Development Council,Blk 490 Toa Payoh Lor 6 HDB Hub BizThree #07-11 Singapore 310490,6370 9901,6397 2953,-,-,103.8482602,1.332457
Charis Centre,Blk 11 Woodlands Close #03-41 Singapore 737853,8323 8200,-,www.chariscentre.org.sg,joehsy82@chariscentre.org.sg,103.8026038,1.4344487
Chen Su Lan Methodist Children's Home,Blk 202 Serangoon Garden Way Singapore 566057,6713 9150,6713 9155,www.cslmch.org.sg,info@cslmch.org.sg,103.8614399,1.3674896
Cheng Hong Welfare Service Society,Blk 12 Eunos Crescent #01-2767 Singapore 400012,6748 2948,6844 5969,www.chenghongwelfare.org,tan.chengcheng@chenghongwelfare.org,103.9041506,1.3221993
Cheng San - Seletar CCC,Blk 6 Ang Mo Kio Street 53 Singapore 569205,64588222,-,-,aw_kai_hui@pa.gov.sg,103.8495381,1.3719787
Child@Street 11 Ltd,Blk 102 Ang Mo Kio Avenue 3 #01-1429 Singapore 560102,6455 3681,6455 3682,www.street11.org.sg,child@street11.org.sg,103.8392427,1.3706163
Children's Aid Society - Melrose,Blk 503 Clementi Road Singapore 599488,6467 3095,6462 0729,www.childrensaidsociety.org.sg,cashome@singnet.com.sg,103.776943,1.330492
Children's Cancer Foundation - KKH,Blk 100 Bukit Timah Road Level 7 Children\'s Tower Room 7 T01 Singapore 229899,6297 0203,6297 0121,www.ccf.org.sg,ccfkkh@ccf.org.sg,103.8468054,1.3106633
Children's Cancer Foundation - Novena,Blk 8  Sinaran Drive  #03-01 Novena Specialist Centre Singapore 307470,6229 3701,6229 3700,www.ccf.org.sg,admin@ccf.org.sg,103.8448451,1.3203779
Children's Cancer Foundation - NUH,Blk 5 Lower Kent Ridge Road  Level 4 Main Building  119074,6772 4472,6772 4470,www.ccf.org.sg,ccfnuh@ccf.org.sg,103.7839667,1.2944222
Chinese Development Assistance Council,Blk 65 Tanjong Katong Road Singapore 436957,6603 5599,6743 5240,www.cdac.org.sg,socialservices@cdac.org.sg,103.8946983,1.313525
Chong Hua Tong Senior Activity Centre,Blk 47 Owen Road #01-251 Singapore 210047,6294 3448,6299 4933,-,chtsac@singnet.com.sg,103.8500959,1.314897
Chong Pang Zone 4 RC,Blk 157 Yishun Street 11 #01-140 Singapore 760157,6853 4272,-,-,-,103.834008,1.432295
Christian Care Services,Blk 207-J Ponggol Seventeenth Avenue Singapore 829685,6440 8349,6440 8027,www.christian-care-services.org,care_centre@pacific.net.sg,103.903542,1.415387
Christian Outreach to the Handicapped,Blk 414 Tampines Street 41 #01-301 Singapore 520414,6787 3200,6787 6990,www.coh.org.sg,admin@coh.org.sg,103.9462019,1.3597464
Church of Our Saviour,Blk 203  Henderson Road (Wing A) #09-13 Singapore 159546,6885 0700,-,www.coos.org.sg,patricialoh@coos.org.sg,103.8212455,1.281749
City Harvest Community Services Association,Blk 12  Pine Close #01-85 Singapore  391012,6835 9916,6835 9915,www.chcsa.org.sg,info@chcsa.org.sg,103.882991,1.3078964
Club Heal,Blk 244 Bukit Batok East Avenue 5 #01-02 Singapore 650244,6899 3463,-,www.clubheal.org.sg,info@clubheal.org.sg,103.7570247,1.3491241
Club Rainbow,Blk 538 Upper Cross Street #05-263 Singapore 050538,6377 1789,6271 8189,www.clubrainbow.org,contact@clubrainbow.org,103.845761,1.285205
Commontown,Blk 85 East Coast Road  428787,6342 5060,-,-,-,103.9039283,1.3055069
Community Justice Centre,Blk 1 Havelock Square Level 1 State Courts Complex Singapore 059724,6557 4100,-,www.cjc.org.sg,help@cjc.org.sg,103.8426847,1.2868656
Comunity Rehabilitation and Support Service,Blk 534 Pasir Ris Drive1 #01-266 Singaore 510534,6584 4633,6581 7614,www.sacs.org.sg,admin@sacs.org.sg,103.950769,1.370341
Cornerstone Community Services,Blk 39 Ean Kiam Place  Singapore  429124,63448063,63447321,www.cornerstoneservices.org.sg,info@cornerstoneservices.org.sg,103.901654,1.3051784
DaySpring New Life Centre,Blk 233 Turf Club Road Singapore 287983,6463 0182,-,www.dayspring.org.sg,nlc@dayspring.org.sg,103.792816,1.334605
Disabled People's Association,Blk 25 International Business Park German Centre  #04-77 Singapore 609916,6899 1220,6899 1232,www.dpa.org.sg,dpa@dpa.org.sg,103.7464857,1.3249762
Dover Park Hospice,Blk 10  Jalan Tan Tock Seng Singapore  308436,6500 7272,6258 9007,www.doverpark.org.sg,info@doverpark.org.sg,103.8491279,1.320539
Early Childhood Development Agency (ECDA),Blk 51 Cuppage Road #08-01 Singapore 229469,6736 7570,6735 9221​​,www.ecda.gov.sg,contact@ecda.gov.sg,103.8401706,1.3028594
Emmanuel Evangelical Free Church,"Blk  307 Pasir Panjang Road, Singapore  118647",6777 1341,6774 7934,www.emmanuelefc.org.sg,office@emmanuelefc.org.sg,103.7788258,1.287441
En Community Services Society,Blk 2  Kallang Avenue  #06-14  CT HUB  Singap,6788 6625,6788 6642,www.ecss.org.sg,encom@ecss.org.sg,103.8629742,1.3123281
EQUAL-ARK Singapore Limited,Blk 100 Jalan Mashhor Singapore 299177,8126 8366,-,www.equal.org.sg,info@equal.org.sg,103.8330424,1.3353939
Extraordinary People Limited,Blk 402 Joo Chiat Place  Singapore 428082,6286 5088,-,www.extraordinarypeople.sg,contact@extraordinarypeople.sg,103.9105941,1.3149753
FaithActs,Blk 50 Commonwealth Drive #01-506 Singapore  142050,6339 7611,6339 5220,www.faithacts.org.sg,info@faithacts.org.sg,103.7970565,1.3009708
Family Life First,Blk 2 Joo Chiat Road 04-1127 420002,6848 4735,6848 4911,www.familylifectre.org,admin@familylifefirst.org,103.8985073,1.3151191
Fei Yue - Early Intervention Centre For Children,Blk 101 Jurong East Street 13  #01-170 Singapore  600101,6565 6260,6565 7455,www.fycs.org,admin@fycs.org,103.7385,1.336717
Fei Yue Cluster Support (CCK/ Bukit Panjang),Blk 9 Teck Whye Lane #01-268  Singapore 680009,6893 6606,6893 6616,www.fycs.org,admin@fycs.org,103.7538887,1.3800525
Fei Yue Community Service - Family Resource Centre,Blk 990  Upper Changi Road North Prison Link Centre (Changi) Level 2 Singapore 506968,6546 7460,6546 0610,www.fycs.org,admin@fycs.org,103.9700114,1.3585672
Fei Yue Community Services,Blk 165A Teck Whye Crescent #01-331 Singapore 681165,6380 9169,6380 9150,www.fycs.org,catherineheng@fycs.org,103.7503503,1.3825213
Fei Yue Community Services - COMIT,Blk 574  Choa Chu Kang Street 52  #01-296 Singapore  680574,6661 9488,6661 9480,www.fycs.org,admin@fycs.org,103.7444363,1.3948442
Fei Yue Community Services - Community Befriending,Blk 107 Commonwealth Crescent #01-230 Singapore  140107,64712022,64710012,-,wilfredchan@fycs.org,103.7967404,1.3091896
Fei Yue Community Services - Mental Health,Blk 107 Commonwealth Crescent #01-230 Singapore 140107,6471 2022,6471 0012,www.fycs.org,admin@fycs.org,103.7967404,1.3091896
Fei Yue Community Services - Prison Care Division,Blk 145 Simei Street 2 #01-06 Singapore  520145,6422 1574,6787 9943,thomaslim@fycs.org,-,103.9551276,1.3446974
Fei Yue Family Service Centre @ Bukit Batok,Blk 185 Bukit Batok West Avenue 6 #01-187 Singapore 650185,6569 0381,6569 5868,www.fycs.org,admin@fycs.org,103.7449625,1.347051
Fei Yue Family Service Centre @ Champions Way,Blk 569B Champions Way #01-380 Singapore 732569,6690 1000,6570 0797,www.fycs.org,admin@fycs.org,103.7897852,1.4298899
Fei Yue Family Service Centre @ Choa Chu Kang,Blk 280 Chua Chu Kang Avenue 3 #01-360 Singapore 620280,6762 5215,6782 8120,www.fycs.org,admin@fycs.org,103.742842,1.380767
Fei Yue Family Service Centre @ Yew Tee,Blk 604 Choa Chu Kang Street 62  #01-53 Singapore 680604,6416 2162,6416 2182,www.fycs.org,admin@fycs.org,103.7448918,1.3981521
Fei Yue Family Services @ Taman Jurong SSO,Blk 301A Corporation Drive Singapore 619773,6267 2900,6264 0694,www.fycs.org,admin@fycs.org,103.7221671,1.3349245
Fei Yue Senior Activity Centre @ Bukit Batok,Blk 210A  Bukit Batok Street 21 #01-294 Singapore  651210,6563 3662,-,www.fycs.org,nglingyin@fycs.org,103.7508684,1.3455705
Filos Community Services Ltd,Blk 408B Upper East Coast Road  Singapore 466484,6242 5978,6242 6039,www.filos.sg,info@filos.sg,103.939505,1.314406
Food From The Heart,Blk 130 Joo Seng Road #03-01 Singapore 368357,6280 4483,6280 4498,www.foodheart.org,info@foodheart.org,103.8829543,1.3375176
GEM New Start Centre Limited,Blk No 2 Springleaf View Singapore 787908,6266 3302,6266 0021,www.gemnsc.com,admin@gemnsc.com,103.8200824,1.3973915
Geylang East Home for the Aged,"Blk 97 Aljunied Crescent, Singapore #01-439 380097",6745 7880,6741 7948,www.geha.org.sg,enquiry@geha.org.sg,103.8855062,1.3212913
Girl Guides Singapore,"Blk  9 Bishan St 14, Singapore  579785",6259 9391,6259 5452,www.girlguides.org.sg,salima@girlguides.org.sg,103.8507907,1.353566
Gladiolus Place,Blk 6A  Mattar Road Singapore 387715,6348 5674,6348 5081,www.gladiolusplace.org.sg,info@gladiolusplace.org.sg,103.8824559,1.3248964
Good News Community Service Centre,"Blk  1 Francis Thomas Drive, Diocesan Centre Building 02-17 359340",6289 7611,6289 0312,-,admin@cor.org.sg,103.865741,1.329609
Grace Orchard School,Blk  6A Jurong West St 52  649297,6561 9128,6561 4133,www.go.edu.sg,infol@go.edu.sg,103.7181541,1.3476322
Habitat for Humanity Singapore,Blk  56 Lor 23 Geylang #05-00 Century Technology Building 388381,6744 7326,6844 5383,-,info@habitat.org.sg,103.8814532,1.3158699
Handicaps Welfare Association,Blk 16 Whampoa Drive  327725,6254 3006,6253 7375,www.hwa.org.sg,hwa@hwa.org.sg,103.8535764,1.321931
HCA Hospice Care,"Blk 705  Serangoon Road, Block A @Kwong Wai Shiu Hospital #03-01 Singapore 328127",6251 2561,6291 1076,www.hca.org.sg,pss@hcahospicecare.org.sg,103.8593269,1.317285
HCSA Dayspring,Blk 233 Turf Club Road Singapore 287984,6463 0182,-,www.hcsa.org.sg,administrator@dayspring.org.sg,103.792816,1.334605
HCSA Highpoint,Blk 1 Lorong 23 Geylang Singapore 388352,6440 2444,-,www.hcsa.org.sg,admin@hcsa.org.sg,103.8807911,1.3138042
HEART @ Fei Yue,Blk 20  Lengkok Bahru Block B #03-02 Singapore 159053,6819 9170,6819 9171,www.fycs.org,heartadmin@fycs.org,103.8147884,1.2872392
HEB - Ashram Halfway House,"Blk  30 Durban Road, Singapore  759642",6753 9730,6753 3727,-,enquiries@ashram.org.sg,103.8297454,1.4532873
HELP Family Service Centre,Blk 570 Ang Mo Kio Ave 3 #01-3317 560570,6457 5188,6457 5343,www.helpfsc.org.sg,chrysong@helpfsc.org.sg,103.8558859,1.3698332
Hira Society,Blk 537 Bedok North Street 3 #01-527 Singapore 460537,6636 3265,-,www.hirasociety.org.sg,info@hirasociety.org.sg,103.924946,1.3318947
Home Nursing Foundation,Blk 93 Toa Payoh Central Toa Payoh Central Community Building #07-10 319194,6854 5558,6255 5774,www.hnf.org.sg/,enquiries@hnf.org.sg,103.8504527,1.3345447
Hope Centre (Singapore),Blk 806  King George's Avenue #03-222 Singapore 200806,3157 3942,6294 0870,www.hopecentre.org.sg,office@hopecentre.org.sg,103.861059,1.308471
HOPE Worldwide,Blk 1 Edgefield Walk Singapore 828850,6312 9671,6343 8463,www.hopeww.org,-,103.9096411,1.4009747
Hougang Sheng Hong Family Service Centre,Blk 237 Hougang St 21 #01-406 530237,6289 5022,6289 8242,-,fsc@shenghong.org.sg,103.8883334,1.3568714
Hua Mei Care Management Service of TSAO Foundation,Blk 298 Tiong Bahru Road Central Plaza #15-01 Singapore 168730,6593 9596,6593 9566,www.tsaofoundation.org,-,103.8281439,1.2863212
"Hua Mei Centre For Successful Aging,Tsao Fdn","Blk  298 Tiong Bahru Rd, Central Plaza #15-01/06, Spore 168730",6593 9500,6276 7128,www.tsaofoundation.org,-,103.8281439,1.2863212
Hua Mei Mobile Clinic of TSAO Foundation,Blk 298 Tiong Bahru Road Central Plaza #15-01 Singapore 168730,6593 9565,6953 9566,www.tsaofoundation.org,hmsc@tsaofoundation.org,103.8281439,1.2863212
Humanitarian Organisation for Migration Economics,Blk 495  Geylang Road #02-01 Singapore 389453,6741 1725,-,home.org.sg,contact@home.org.sg,103.883814,1.313627
iC2 PrepHouse Limited,Blk 1 Jurong West Central 2 Jurong Point Shopping Centre #04-02 Singapore  648886,6790 1802,6790 1806,www.ic2.com.sg,admin@ic2.com.sg,103.7067297,1.3397443
Indus Moral CARE,Blk 79 Indus Rd  #01-451 Singapore 161079,6276 3283,6276 3203,-,indus@thkms.org.sg,103.8287358,1.2911109
Industrial & Services Co-operative Society Ltd,Blk 237 Alexandra Road The Alexcier #04-19 Singapore 159929,6743 7885,6472 1987,www.iscos.org.sg,ravan@iscos.org.sg,103.813821,1.291138
Infant Jesus Homes & Children's Centres,Blk 503  Ang Mo Kio Street 13 Singapore 569406,6459 4801,6459 3717,www.ijhcc.org,ijvolunteers@ijhcc.org,103.833694,1.374704
Inspirasi PPIS,Blk 322 Bukit Batok Street 33 #01-16 Singapore 650322,6561 1049,6564 9586,www.ppis.sg,inspirasi@ppis.sg,103.7475,1.3616918
Institute of Mental Health,Blk 10 Buangkok View  549747,6389 2000,6385 1053,www.imh.com.sg,-,103.8862926,1.3817415
Jalan Kayu Constituency Office c/o Hwi Yoh CC,Blk 535 Serangoon North Avenue 4 01-179 Singapore 550535,6484 0338,6484 0339,-,-,103.8754752,1.3751933
Jamiyah Nursing Home,Blk 130 West Coast Drive Singapore 127444,6776 8575,6776 8576,www.jamiyah.org.sg,jnh@jamiyah.org.sg,103.7594701,1.311067
Jenaris Home @ Pelangi Village,Blk 10 Buangkok Green Singapore 539753,6489 7642,6489 8114,-,sweugenegoh@gmail.com,103.8872242,1.3814132
Jia Ying Community Services Society,Blk 1 & 3 Valley Road Singapore 534449,6281 5025,6288 7456,-,enquiries@jiaying.org,103.88784,1.36199
Ju Eng Home For Senior Citizens,Blk 205 Jalan Kayu Singapore 799436,6484 6890,6484 6892,www.juenghome.org.sg,juenghome@jeh.org.sg,103.8722328,1.3943663
Jurong Health Services Pte Ltd,Blk 1 Jurong East Street 21 Singapore 609606,6716 3024,63973413,www.juronghealth.com.sg,lee_fern_wong@juronghealth.com.sg,103.7452086,1.333841
Just Parenting Association,Blk 3 Queen's Road  01-169 Singapore 260003,6471 5447,6472 1676,-,-,103.8068656,1.3179207
Kampong Kapor Community Services,Blk 2 Kitchener Road #03-89 Singapore 200002,6299 7662,6294 2116,www.kkfsc.org.sg,admin@kkfsc.org.sg,103.8592731,1.3079875
Kidney Dialysis Foundation,Blk 333 Kreta Ayer Road #03-33 Singapore 08033,6559 2630,6225 0080,www.kdf.org.sg,enquiries@kdf.org.sg,103.8422745,1.2810169
KK Women's & Children's Hospital - Medical Social,Blk 100 Bukit Timah Road Singapore 229899,6225 5554,6293 7933,www.kkh.com.sg,feedback@kkh.com.sg,103.8468054,1.3106633
Kong Meng San Phor Kark See Monastery,Blk 88 Bright Hill Road Singapore 574117,6849 5310,6452 6341,www.kmspks.org,counselling.services@kmspks.org,103.835812,1.361516
Kreta Ayer - Kim Seng C C C,Blk 28A Kreta Ayer Road Singapore 088995,6323 2758,6324 5530,-,-,103.842992,1.281155
Lakeside Family Centre - Jurong East,Blk 302 Jurong East Street 32 #01-22 Singapore 600302,6564 9722,6564 8422,www.lakeside.org.sg,lfcje@lakeside.org.sg,103.733758,1.3449493
Lakeside Family Centre - Jurong West,Blk 516 Jurong West Street 52 #01-73 Singapore 640516,6567 1908,6565 6435,www.lakeside.org.sg,-,103.7177185,1.3476035
Lakeside Family Centre - Taman Jurong,Blk 21 Yung Ho Road #03-01 Singapore 618593,6265 6522,6265 6523,www.lakeside.org.sg,christine-cheong@lakeside.org.sg,103.7246252,1.3269863
Lakeside Family Services - Safe Place,Blk 21 Yung Ho Road #03-01 Singapore 618593,6817 4202,-,www.safeplace.org.sg,safeplace@lakeside.org.sg,103.7246252,1.3269863
Life Community Services Society,Blk 5  Stadium Walk #04-04/07  Kallang Leisure Park Singapore 397693,6387 3700,6387 3768,www.life-community.org,Icss@life-community.org,103.8763889,1.3022222
Life Edu Services Ltd,Blk 86 Circuit Road #01-999 Singapore 370086,6844 6291,-,-,richwuang@hotmail.com,103.8853651,1.3229121
Ling Kwang Home for Senior Citizens,Blk 156  Serangoon Garden Way  Singapore  556055,6287 5466,6284 3567,www.lkhsc.org.sg,general@lkhsc.org.sg,103.8617429,1.3671237
Lions Befrienders Cluster Support,Blk 18 Ghim Moh Road #01-115 Singapore 270018,6681 4020,6467 6009,www.lionsbefrienders.org.sg,yunli.peh@lb.org.sg,103.7870402,1.3101889
Lions Befrienders Service Association,Blk 130 Bukit Merah View #01-350 Singapore 150130,6375 8600,6273 1500,www.lionsbefrienders.org.sg,lbsa@lionsbefrienders.org.sg,103.8244715,1.2850605
Lions Home For The Elders - Bedok,Blk 487 Bedok South Avenue 2 Singapore 469316,6244 0667,6244 1682,www.lionshome.org.sg,lhe.pr@lionshome.org.sg,103.938192,1.320715
Lutheran Community Care Services,Blk 450  Macpherson Road  Singapore  368170,6441 3906,-,www.lccs.org.sg,nigel.lee@lccs.org.sg,103.8821239,1.331927
Majlis Ugama Islam Singapura (MUIS),Blk 273 Bradell Road Singapore Islamic Hub Singapore 579702,6552 5520,6454 7472,www.muis.gov.sg,sapiah_abas@mosque.org.sg,103.8522784,1.3427551
Malay Youth Literary Association (4PM),Blk 606 Bedok Reservoir Road #01-716 Singapore 470606,6242 6288,6242 0610,www.4pm.org.sg,secretariat@4pm.org.sg,103.9138151,1.3316291
Man Fut Tong Nursing Home,Blk 20 Woodlands Street 82 Singapore 738507,6368 3301,6368 6303,www.mft.org.sg,mft@mft.org.sg,103.7905526,1.4434732
Masjid Al-Ansar,Blk 155 Bedok North Avenue 1 Singapore 469751,6449 2420,6449 7249,www.alansarmosque.sg,annurah@alansar.mosque.sg,103.926342,1.327015
Masjid AL-Mawaddah,Blk 151 Compassvale Bow Singapore 544997,6489 0224,6384 0403,www.v1.almawaddah.sg,info@almawaddah.mosque.org.sg,103.8903391,1.3835019
Masjid Ar-Raudhah,Blk 30  Bukit Batok East Avenue 2 Singapore 659919,6899 5840,6564 1924,www.arraudhahmosque.com,arraudhah@arraudhah.mosque.org.sg,103.7558482,1.3517647
MCYC Community Services Society,Blk 106 Bukit Batok Central #01-127 Singapore 650106,6562 2211,6569 8038,www.mcyc.sg,-,103.7471092,1.3482738
Mercy Centre Ltd,Blk 12 Aljunied Road Singapore 389801,67459700,67477533,www.mercy-centre.org,missel@mercy-centre.org,103.882277,1.31406
Metropolitan YMCA Singapore,Blk 10 Lorong 37 Singapore 387907,6747 4914,6733 2144,www.mymca.org.sg,cod@mymca.org.sg,103.889962,1.3159316
Metta Home for the Disabled & Day Activity Centre,Blk 2 Woodlands Street 31 Singapore 738580,6365 7666,6365 7555,www.metta.org.sg,MettaHome@metta.org.sg,103.7757161,1.4296239
Metta School,Blk 30 Simei Street 1 Singapore  529949,6788 5800,6787 5700,www.mettaschool.edu.sg,enquiry@mettaschool.edu.sg,103.9574547,1.3468929
Metta Welfare Association,Blk 32   Simei Street 1 Singapore 529950,6580 4688,6580 4699,www.metta.org.sg,mwa@metta.org.sg,103.957344,1.346664
MINDS - Clementi Training & Development Centre,Blk 304 Clementi Avenue 4 #01-487 Singapore 120304,6776 8743,6776 8741,www.minds.org.sg,ctdc@minds.org.sg,103.764748,1.320993
MINDS - Fernvale Gardens School,Blk 7 Fernvale Road Singapore 797635,6481 6697,-,www.minds.org.sg,fgs@minds.org.sg,103.8752508,1.3898494
MINDS - Idea Employment Development Centre,Blk 29  Rosyth Road  Singapore 546190,6282 4852,-,www.minds.org.sg,-,103.877916,1.363368
MINDS - Lee Kong Chian Garden,Blk 802 Margaret Drive Singapore  149311,6473 8332,6474 4776,-,-,103.813308,1.294647
MINDS - Towner Gardens School,Blk 1B Lengkong Lima Singapore 417557,6446 2612,6234 7498,www.minds.org.sg,tgs@minds.org.sg,103.913372,1.3262446
MINDS - Woodlands Gardens School,Blk 30 Woodlands Ring Road #01-01 Singapore 737883,6468 0566,6468 2142,www.minds.org.sg,wgs@minds.org.sg,103.7979559,1.4378417
MINDSville @ Napiri,Blk 7 Lorong Napiri Singapore 547533,6387 7662,6387 3357,wwww.minds.org.sg,mv@minds.org.sg,103.878488,1.372032
Ministry of Social & Family Development,Blk 512 Thomson Road #15-00 Singapore  298136,6354 8476,6251 3675,-,olivia_shepherdson@msf.gov.sg,103.8396503,1.3336676
Montfort Care - @27 Family Service Centre,Blk 27 Telok Blangah Way #01-1018 Singapore 090027,6270 8327,6276 0441,www.27fsc.org.sg,contact@27fsc.org.sg,103.8213332,1.2745798
Montfort Care - GoodLife!,Blk 15 Marine Terrace #01-18 Singapore 440015,6445 0570,6447 8483,www.goodlife.org.sg,contact@goodlife.org.sg,103.9138399,1.304926
Montfort Care - GoodLife! @ Bedok,Blk 551  Bedok North Avenue 1  #01-550 Singapore  460551,6312 3988,-,www.montfortcare.org.sg,goodlifeBD@montfortcare.org.sg,103.9270503,1.3323405
Montfort Care - GoodLife! @ Kreta Ayer,Blk 151 Chin Swee Road #03-20 169876,6904 9285,-,-,jamie.soo@montfortcare.org.sg,103.8408451,1.2870826
Montfort Care - GoodLife! @ Marine Drive,Blk 1 Marine Parade Central #09-06 Singapore 449408,9641 7492,-,www.goodlife.org.sg,dexter.wong@montfortcare.org.sg,103.9061078,1.301646
Montfort Care - GoodLife! @ Telok Blangah,Blk 27 Telok Blangah Way #01-1018 Singapore 090027,6270 8327,-,www.montfortcare.org.sg,joie.pour@montfortcare.org.sg,103.8213332,1.2745798
Montfort Care - GoodLife! @ Yishun,Blk 838 Yishun Street 81 #01-322 Singapore 760838,64848040,-,www.goodlife.org.sg,goodlife-yishun@montfortcare.org.sg,103.8332833,1.4164009
Montfort Care - Kreta Ayer Family Services,Blk 4 Sago Lane #-03-101 Singapore 050004,6325 4753,6223 0769,www.montfortcare.org.sg,weelee@monfortcare.org.sg,103.8429707,1.2817753
MontfortCare - Marine Parade Family Service Centre,Blk 53 Marine Terrace #01-227 Singapore 440053,6445 0100,6446 0100,www.mpfsc.org.sg,contact@mpfsc.org.sg,103.9163476,1.3051731
Moral Neighbourhood Link - Telok Blangah Crescen,Blk 3 Telok Blangah Crescent 01-504 Singapore 090003,6276 1216,6276 1207,-,mnltbc@thkms.org.sg,103.8179657,1.2795459
Moral Senior Activity Center @ Kaki Bukit,Blk 544  Bedok North Street 3  #01-1340 Singapore  460544,6448 6247,6448 4796,www.chkmps.org.sg,williamlim@chkmps.org.sg,103.9242961,1.3306238
Morning Star Community Services,Blk 4 Lorong  Low  Koon Singapore 536450,6285 1377,6285 2702,www.morningstar.org.sg,mstar@morningstar.org.sg,103.8927502,1.3661017
MSF Social Service Office @ Ang Mo Kio,Blk 6A  Ang Mo Kio Street 53 AMK 3G Centre  Singapore 569208,6554 7929,6458 2040,www.msf.gov.sg,sso_amk_admin@msf.gov.sg,103.8490314,1.3722304
MSF Social Service Office @ Bukit Batok,Blk 369  Bukit Batok Street 31 #01-505 650369,6665 1002,6563 0042,www.msf.gov.sg,sso_bb_admin@msf.gov.sg,103.7505794,1.3597945
MSF Social Service Office @ Bukit Merah,Blk BLK 105 Jalan Bukit Merah #01-1942 160105,6376 5974,6274 9487,www.msf.gov.sg,sso_bm_admin@msf.gov.sg,103.8083548,1.2862153
MSF Social Service Office @ Chua Chu Kang,Blk 8A Teck Whye Lane Singapore 681008,6767 1347,-,www.msf.gov.sg,-,103.7540842,1.3810014
MSF Social Service Office @ Clementi,Blk 358 Clementi Avenue 2 #01-285 Singapore 120358,6774 9066,6744 9050,-,sso_cl_admin@msf.gov.sg,103.768992,1.313534
MSF Social Service Office @ Geylang Seri,Blk 10  Eunos Road 8 #02-01 Singapore Post Centre Singapore 408600,6243 8753,6243 3130,www.msf.gov.sg,Matthew_Lim@msf.gov.sg,103.8945354,1.3189121
MSF Social Service Office @ Jalan Besar,Blk 69  Jellicoe Road Singapore 208737,6295 7205,6299 1245,www.msf.gov.sg,-,103.861731,1.3080179
MSF Social Service Office @ Kreta Ayer,Blk 4 Sogo Lane  #03-101 Singapore  050004,1800-222-0000,62230769,www.msf.gov.sg,sso_ka_admin@msf.gov.sg,103.8429707,1.2817753
MSF Social Service Office @ Queenstown,Blk 402 Commonwealth Drive Blk A #01-01 Singapore 149599,6471 9731,6473 9463,www.msf.gov.sg,msf_email@msf.gov.sg,103.798221,1.303633
MSF Social Service Office @ Serangoon,Blk 332 Serangoon Avenue 3 #01-257 Singapore 550332,1800 222 0000,6702 2984,www.msf.gov.sg,comcare@msf.gov.sg,103.8701338,1.3510256
MSF Social Service Office @ Woodlands,Blk 900 South Woodlands Drive Woodlands Civic Centre #06-13 Singapore 730900,6766 0097,6219 5421,-,vanessa_teo@msf.gov.sg,103.7867371,1.4350468
MSF Social Service Office @ Yishun,Blk 746 Yishun Street 72 #01-127 Singapore 760746,6756 9127,6353 6695,www.msf.gov.sg,christopher_sng@msf.gov.sg,103.833277,1.4289909
MSF Social Sevice Office @ Boon Lay,Blk 189 Boon Lay Drive #01-254 640189,68678580,6261 8208,www.msf.gov.sg,-,103.711385,1.344423
MSF Social Sevice Office @ Jurong East,Blk 8  Jurong Town Hall Road #03-11 The JTC Summit Singapore 609434,1800 222 0000,6551 9298,www.msf.gov.sg,sso_je_admin@msf.gov.sg,103.7415697,1.3313321
MSF Social Sevice Office @ Tampines,"Blk 300  Tampines Avenue 5, NTUC Income Tampines Junction #06-01 Singapore 529653",6424 4017,6424 4066,-,-,103.941842,1.352109
MSF Social Sevice Office @ Toa Payoh,Blk 490 Lorong 6 Toa Payoh HDB Biz Hub Three #07-11 Singapore 310490,6715 7503,6370 9914,-,teo_pei_ching@msf.gov.sg,103.8483552,1.3324354
Muslimin Trust Fund Association,Blk 5 Mattar Road Singapore 387713,67477556,-,www.mtfa.org,adminmtfa@mtfa.org,103.881521,1.325678
MWS Covenant Family Service Centre - Hougang,Blk 613 Hougang Avenue 8 #01-432 Singapore 530613,6282 8558,6283 6361,www.mws.sg,mwscfsc@mws.sg,103.8847759,1.3695217
MWS Family Service Centre - Tampines,Blk 470 Tampines Street 44 #01-194 Singapore 520470,6787 2001,6787 4459,www.mws.sg,mwsfsct@mws.sg,103.9545991,1.3608544
MWS Family Service Centre - Yishun,Blk 855 Yishun Ring Road #01-3539 Singapore 760855,6756 4995,6752 4709,www.mws.sg,MWSfscy@mws.sg,103.8367632,1.4170369
My Centre @ Moulmein,Blk 52 Kent Road #01-16 Singapore 210052,6293 4339,6293 4321,www.viriya.org.sg,sungwen@viriya.org.sg,103.8513813,1.3163579
National Cancer Centre Singapore,Blk 11 Hospital Drive Singapore 169610,6436 8124,6227 2534,-,-,103.8366349,1.2794262
National Healthcare Group Polyclinics,Blk 3 Fusionopolis Link Nexus@one-north South Tower # 05-10 Singapore 138543,6355 3000,-,www.nhgp.com.sg,-,103.7898327,1.2989231
National Heart Centre Singapore,Blk 17 Third Hospital Avenue Mistri Wing Singapore 168752,6704 8635,6436 7614,www.nhcs.com.sg,-,103.8368314,1.2815129
National Kidney Foundation (NKF),Blk 81 Kim Keat Road Singapore 328836,6506 2244,6366 9002,-,-,103.8545526,1.3266604
New Hope Community Services,Blk 148 Yishun Street 11 #01-123 Singapore 760148,6305 9620,6755 3684,-,info@newhopecs.org.sg,103.832379,1.431991
Nexus Family Resource Centre,Blk 990 Upper Changi Road North Level 2 Changi Prison Complex Singapore 506968,6546 7570,6214 9653,www.amkfsc.org.sg,frc-all@amkfsc.org.sg,103.9723158,1.3572716
Ng Teng Fong General Hospital,Blk 1 Jurong East Street 21 Singapore 609606,6716 1024,-,www.juronghealth.com.sg,enquiries@juronghealth.com.sg,103.7452086,1.333841
North East Community Development Council,Blk 300 Tampines Ave 5 NTUC Income Tampines Junction #06-01 Singapore 529653,6424 4000,6424 4066,www.northeastcdc.org.sg,project@northeast.org.sg,103.941842,1.352109
North West Community Development Council,"Blk 900 South Woodlands Drive, Woodlands Civic Centre #06-01 730900",6248 5556,-,-,"Karen_WONG@pa.gov.sg,kwal23@yahoo.com.sg",103.7867371,1.4350468
NTUC Eldercare,Blk 91 Bedok North St 4 #01-1527 Singapore 460091,8612 8301,-,-,-,103.9402762,1.3325399
NTUC Eldercare Co-operative Ltd,Blk 9 Bishan Place Junction 8 Office Tower #10-02 Singapore 579837,6478 5480,6356 7921,www.ntuc.org.sg,ecare@ntuceldercare.org.sg,103.8487631,1.3506808
NTUC First Campus Co-operative Ltd,Blk 229 Mountbatten Road Mountbatten Square  #02-44 Singapore 398007,9722 9008,6509 6323,www.ntucfirstcampus.com,angenette.t@ntucfirstcampus.com,103.8811865,1.3076428
NTUC Health Cluster Support - Taman Jurong,Blk 361 Yung An Road #01-111 Singapore 610361,8612 8298,-,www.ntuchealth.sg,clustersupport@ntuchealth.sg,103.7215336,1.3355729
NTUC Health Cluster Support @ Bukit Merah,Blk 121 Bukit Merah View #01-96 Singapore 151121,6274 1602,-,www.ntuchealth.sg,-,103.8227582,1.2831005
NTUC Health Co-operative Limited,Blk 55 Ubi Avenue 1 #08-01 Singapore 408935,6715 6715,6590 4389,www.ntuchealth.sg,care-home@ntuchealth.sg,103.895447,1.325252
NTUC Health SilverAce @ Bukit Merah,Blk 117  Jalan Bukit Merah #01-1683 160117,62732 969,6273 2169,-,sac-bukitmerah@ntuchelath.sg,103.8265592,1.2818407
NTUC Health SilverACE @ Redhill,Blk 71 Redhill Road 01-29 150071,6473 8557,6475 8553,www.ntuc.org.sg,sac_redhill@ntuchealth.sg,103.8151138,1.2876676
NTUC Health SilverACE @ Taman Jurong,Blk 118A Corporation Drive  611118,6261 6563,6261 6564,https://www.facebook.com/NTUCEldercare,sac_tamanjurong@ntuchealth.sg,103.7228754,1.3354202
O'Joy Care Services,Blk 5 Upper Boon Keng Road #02-10 Singapore 380005,6749 0190,6742 1909,www.ojoy.org,admin@ojoy.org,103.870318,1.3137013
Outram Community Hospital,Blk 10 Hospital Boulevard Singapore 168582,6970 3088,-,-,yong.heng.li@singhealthch.com.sg,103.8353588,1.2779173
Pasir Ris Family Service Centre,Blk 256 Pasir Ris Street 21 #01-289 510256,6581 2159,6584 3580,www.goodnews.org.sg,prfsc@goodnews.org.sg,103.9640257,1.3673207
Pass-It-On,Blk  819 Upp Serangoon Road  534678,8511 9160,6283 3748,www.passiton.org.sg,passiton@thehelphand.org,103.88158,1.357828
Peace Connect,Blk 5 Beach Road #02-4915 Singapore 190005,6291 2473,6291 2479,www.pecco.org.sg,clustersupport@pecco.org.sg,103.8650614,1.3039272
People's Association - Kreta Ayer CC,Blk 28A  Kreta Ayer Road  Singapore 088995,6222 3597,6222 3762,www.pa.gov.sg,PA_KRETAAYERCC@pa.gov.sg,103.842992,1.281155
People's Dialysis Centre,Blk 55 Strathmore Ave  #01-145 Singapore 140055,6778 0330,6777 6155,-,seowyean@live.com,103.8094,1.2933024
Pertapis Education & Welfare Centre,Blk Blk 1  Joo Chiat Road #04-1001 Joo Chiat Complex Singpore 420001,6745 3969,6747 0845,www.pertapis.org.sg,enquiry@pertapis.org.sg,103.8988707,1.315681
PPIS Family Service Centre (East),"Blk 1  Engku Aman Turn, Wisma Geylang Serai   #03-01  Singapore 408528",6950 3503,-,www.ppis.sg,fsceast@ppis.sg,103.8969122,1.3165926
PPIS Family Service Centre (West),Blk 301 Bukit Batok Street 31 #01-01 650301,6561 3462,6561 6420,www.ppis.sg,fscwest@ppis.sg,103.7506526,1.3597968
Presbyterian Community Services,Blk 89 Short Street Golden Wall Centre #08-08 Singapore 188216,6334 4445,6338 7153,www.pcs.org.sg,info@pcs.org.sg,103.8513784,1.3039637
Prison Fellowship Singapore Ltd,Blk 50  Playfair Road  #03-01 Noel Building Singapore  367995,6384 2338,6475 6130,www.pfs.org.sg,-,103.8867007,1.3337972
Project ORBIS International Inc. (Singapore) Ltd,Blk 352  Tanglin Road Tanglin International Centre #02-03  Singapore  247671,6479 5875,6479 1805,sgp.orbis.org,Info.Singapore@orbis.org,103.8144063,1.2952215
Promoting Alternatives To Violence (PAVE),Blk 211 Ang Mo Kio Avenue 3 #01-1446  Singapore 560211,6555 0390,6552 5290,www.pave.org.sg,admin@pave.org.sg,103.8415977,1.3692104
Rainbow Centre - Magaret Drive School,Blk 501 Margaret Drive Singapore 149306,6475 2072,6475 9739,www.rainbowcentre.org.sg,rchq@rainbowcentre.org.sg,103.8090378,1.2974003
Rainbow Centre - Yishun Park School,Blk 15 Yishun Street  61 Singapore 768548,6482 2592,6482 2593,www.rainbowcentre.org.sg,rcyps@rainbowcentre.org.sg,103.837683,1.420277
Reach Community Service Society,Blk 187 Bishan Street 13 01-475 Singapore 570187,6252 2566,6252 2445,www.reach.org.sg,contact@reach.org.sg,103.8499996,1.3483596
REACH Family Service Centre,Blk 187 Bishan Street 13 #01-475 Singapore 570187,6252 2566,6252 2445,www.reach.org.sg,contact@reach.org.sg,103.8513498,1.3495502
Realm Of Tranquility,Blk 547  Woodlands Drive 16 #01-177  Singapore 730547,6891 1981,6469 1371,www.realmoftranquility.com,admiralty@realmoftranquility.com,103.7929003,1.4302698
Ren Ci Hospital,Blk 71  Irrawaddy Road Singapore 329562,6385 0288,6385 0900,www.renci.org.sg,renci@renci.org.sg,103.845971,1.322866
Retired and Senior Volunteer Programme (RSVP),Blk 9 Junction 8 Shopping Centre Bishan Place  #08-02 Singapore 579837,6259 0802,6259 0805,www.rsvp.org.sg,general@rsvp.org.sg,103.8487631,1.3506808
Rotary Family Service Centre,Blk 346 Clementi Ave 5  #01-32 Singapore 120346,6779 9488,6776 2673,www.rotaryfsc.org,enquiry@rotaryfsc.org,103.7671813,1.3168887
SACS Anglican Care Centre - Bukit Batok,Blk 267 Bukit Batok East Avenue 4 #01-206 Singapore 650267,6562 4881,6562 4882,www.sacs.org.sg,acc_bukitbatok@sacs.org.sg,103.7598969,1.348835
SACS Anglican Care Centre - Hougang,Blk 20  Buangkok View (Hougang Green Medical Park) Singapore 534194,6386 9338,6385 8816,www.sacs.org.sg,hcc@sacshcc.org.sg,103.8855753,1.3824524
SACS Anglican Care Centre - Simei,Blk 10   Simei Street 3 Singapore  529897,6586 1064,6586 1096,www.sacs.org.sg,admin@sacs.org.sg,103.9491732,1.34202
SAMH Creative Hub,Blk 90  Goodman Road Goodman Art Centre #01-47 Blk L Singapore 439053,6344 8451,6344 8451,www.samhealth.org.sg/creative-hub/,ch@samhealth.org.sg,103.8852791,1.3040134
SAMH Group Homes,Blk 239 Bukit Batok East Avenue 5 #01-165 Singapore 650239,6564 7003,6565 1498,www.samhealth.org.sg,samhbggh@singnet.com.sg,103.754959,1.350264
SAMH HQ,Blk 69 Toa Payoh Lorong 4 #01-365 310069,6283 1576,6283 2140,www.samhealth.org.sg,samhhq@singnet.com.sg,103.852716,1.3342844
SAMH Mobile Support Team,Blk 1 Jurong West Central 2 Jurong Point Shopping Centre 06-01 Singapore 648886,8511 2678,6515 6918,www.samhealth.org.sg,samhmobile@samhealth.org.sg,103.7067297,1.3397443
SAMH YouthReach,Blk Social Service Hub @ Tiong Bahru Central Plaza  #03-08 Singapore 168730,6593 6420,6665 9326,www.samhealth.org.sg,samhyr@singnet.com.sg,103.8280383,1.2863377
Sanctuary House Ltd,Blk 159A Thomson Road Goldhill Centre Singapore 307612,6221 0588,6221 0589,www.sanctuaryhouse.com.sg,info@sanctuaryhouse.com.sg,103.8432824,1.3184253
SASCO @Telok Blangah,Blk 30 Telok Blangah Ris #01-316 Singapore 090030,6273 5183,6276 8715,www.giventake.sg,tbsw@giventake.sg,103.8201582,1.2737697
Selarang Halfway House,Blk 1825  Upper Changi Road North Singapore  506780,6245 0434,-,-,hwh_admin@yri.com.sg,103.977467,1.3682368
Sembawang Family Service Centre,Blk 326 Sembawang Crescent #01-52 Singapore 750326,6754 7050,6754 0112,sfsc.org.sg,admin@sfsc.org.sg,103.819709,1.4450679
Sengkang General Hospital,Blk 110  Sengkang East Way   Singapore 544886,6930 3577,-,www.skh.com.sg,mss@skh.com.sg,103.89317870000001,1.3936438
Serangoon Moral Family Service Centre,Blk 238 Serangoon Ave 2 #01-47 Singapore 550238,6284 7123,6284 5221,www.smfsc.org.sg,smfsc@singnet.com.sg,103.8690466,1.3535216
Shan You,Blk 5 Upper Boon Keng Road #02-15 Singapore 380005,6741 9293,6741 9352,www.shanyou.org.sg,shanyou@shanyou.org.sg,103.8703199,1.3137019
SHINE Children and Youth Services - Clementi,Blk 329 Clementi Avenue 2 01-248 Singapore 120329,6778 6867,6775 4132,www.shine.org.sg,scys_c01@shine.org.sg,103.7688269,1.314612
SHINE Children and Youth Services - Hougang,Blk 463 Hougang Avenue 10 #01-964 Singapore 530463,6286 9905,6286 6230,www.shine.org.sg,scys_h01@shine.org.sg,103.894856,1.372381
SHINE Children and Youth Services - Yishun,Blk 202 Yishun Street 21 #01-89 Singapore 760202,6759 6821,6759 6829,www.shine.org.sg,scys_y01@shine.org.sg,103.836641,1.4339249
Sikh Welfare Council,Blk 2 Towner Road 306-02 Singapore 327804,6299 9234,6294 1582,www.siwec.org,info@siwec.org,103.860466,1.3188
Silver Co-operative,"Blk HDB Hub, BizThree 490 Lorong 6, Toa Payoh #04-10 310490",6370 9844,-,-,Evelyn_Han@pa.gov.sg,103.8485945,1.3324516
Simei Care Centre,Blk 10 Simei Street 3 Singapore  529897,6781 8113,6781 0823,www.sacs.org.sg,sacs_ho@pacific.net.sg,103.9491732,1.34202
SINDA Family Service Centre,Blk 1 Beatty Road Singapore 209943,6298 5911,6392 4300,www.sinda.org.sg,-,103.8588283,1.3140061
Singapore Action Group of Elders (SAGE),Blk 19 Toa Payoh West Singapore 318876,6353 7159,6353 7148,www.sage.org.sg,-,103.8400022,1.3344237
Singapore After Care Association,Blk 81 Dunlop Street Singapore 209408,6294 2350,6295 0095,www.saca.org.sg,enquiries@saca.org.sg,103.8531838,1.3052232
Singapore Anti-Narcotics Association (SANA),Blk 2 Sengkang Square Sengkang Community Hub #05-01 Singapore 545025,6732 1122,6732 4564,www.sana.org.sg,sana@sana.org.sg,103.8940278,1.3927635
Singapore Association for the Deaf,Blk 227 Mountbatten Road Singapore 397998,6344 8274,6345 7706,www.sadeaf.org.sg,info@sadeaf.org.sg,103.8798634,1.3079002
Singapore Association of the Visually Handicapped,Blk 47 Toa Payoh Rise Singapore 298104,6251 4331,6253 7191,www.savh.org.sg,enquiries@savh.org.sg,103.8396664,1.3380689
Singapore Baptist Convention Golden Age Home,Blk 64 Kallang Bahru #01-389/393 Singapore 330064,6296 0884,6296 0865,-,sbcgah@singnet.com.sg,103.8684124,1.3203667
Singapore Buddhist Lodge Welfare Foundation,"Blk 17-19 Kim Yam Road, Singapore  239329",6437 2630,6737 0877,www.sbl.org.sg,welfare.fund@sbl.org.sg,103.8389256,1.294601
Singapore Cancer Society,Blk 15  Enggor Street #04-01 Realty Centre Singapore 079716,6221 9578,6221 9575,www.singaporecancersociety.org.sg,enquiry@singaporecancersociety.org.sg,103.8441975,1.2740511
Singapore Cheshire Home (SCH),Blk 159 Serangoon Garden Way Singapore 556056,6284 0966,6284 2782,www.cheshirehome.org.sg,admin@cheshirehome.org.sg,103.861261,1.36603
Singapore Children's Society - Sunbeam Place,Blk 28 Hong San Terrace Singapore 688247,6462 3477,6462 3371,www.childrensociety.org.sg,info@childrensociety.org.sg,103.7455933,1.3781848
Singapore Children's Society - Yishun FSC,Blk 107 Yishun Ring Road #01-233 760107,6753 7331,6753 2697,www.childrensociety.org.sg,-,103.827305,1.432263
Singapore Children's Society Corporate Office,Blk 298 Tiong Bahru Road Central Plaza #09-05 Singapore 168730,6273 2010,6273 2013,www.childrensociety.org.sg,info@childrensociety.org.sg,103.8281439,1.2863212
Singapore Children's Society Research & Outreach,Blk 9 Bishan Place Junction 8 #05-02 Singapore 579837,6358 0911,6358 0936,www.childrensociety.org.sg,-,103.8487631,1.3506808
Singapore Children's Society Youth Centre - Jurong,Blk 552 Jurong West Street 42 #01-321 Singapore  640552,6566 6989,6566 6386,www.childrensociety.org.sg,bkuah@childrensociety.org.sg,103.717986,1.352836
Singapore Children's Society Youth Service Centre,Blk 109 Toa Payoh Lorong 1 #01-316 Singapore 310109,6253 1124,6256 9443,www.childrensociety.org.sg,-,103.846346,1.341253
Singapore Christian Home,Blk 20  Sembawang Crescent Singapore  757092,6831 5177,6831 5160,www.schome.org.sg,leedawn@schome.org.sg,103.8173961,1.4447498
Singapore Council of Women's Organisation (SCWO),Blk 96 Waterloo Street Singapore 187967,6837 0611,6837 0081,www.scwo.org.sg,scwo@scwo.org.sg,103.8516718,1.2995837
"Singapore General Hospital, Medical Social Service",Blk 3 Outram Road Level 1 Singapore 169608,6326 5896,6321 4279,www.sgh.gov.sg,-,103.8387575,1.2811228
Singapore Indian Development Association (SINDA),Blk 1 Beatty Road Singapore  209943,62985911,63924300,www.sinda.org.sg,-,103.8588283,1.3140061
Singapore Nurse's Association,Blk 77 Maude Road SANA House Singapore 208353,6392 0770,6392 7877,www.sna.org.sg,sna@sana.org.sg,103.8578928,1.3083352
Singapore Planned Families Association,Blk 3A Holland Close  #01-55 Singapore  272003,6775 8981,6776 8296,www.spfa.org.sg,enquiry@spfa.org.sg,103.7968581,1.309137
Singapore Red Cross Society,Blk 15  Penang Lane Singapore 238486,6664 0552,6336 5021,www.redcross.sg,huiting.su@redcross.sg,103.8444976,1.2973744
SingHealth (CGH) – Community Care,Blk 5 Tampines Central 1 Tampines Plaza #08-01/05 Singapore 529541,6426 8053,6426 8906,https://www.cgh.com.sg,neighbours@cgh.com.sg,103.9427236,1.3530909
SingYouth Hub,Blk 141 Cecil Street Tung Ann Association Building #05-00 Singapore 069541,6100 6858,-,www.syh.org.sg,sophee.tan@syh.org.sg,103.8484033,1.2792741
Society for the Aged Sick,Blk 130  Hougang Avenue 1 Singapore 538900,6922 6222,6289 3227,www.societyagedsick.org.sg,enquiry@societyagedsick.org.sg,103.887607,1.349877
Society For The Physically Disabled (SPD),Blk 2 Peng Nguan Street SPD Ability Centre Singapore 168955,6579 0700,6323 7008,www.spd.org.sg,information@spd.org.sg,103.831207,1.282079
Society For The Physically Disabled (SPD) @ Jurong,Blk 337 Jurong East Avenue 1 #01-1562 Singapore 600337,66651848,-,www.spd.org.sg,information@spd.org.sg,103.7316804,1.3498561
Society of St. Vincent De Paul,Blk 55  Waterloo Street Catholic Centre  #03-00 187954,6337 7331,6339 2583,www.ssvpsingapore.org,ssvp.sg@gmail.com,103.8513779,1.2983777
South Central Community FSC Ltd,Blk 5 Delta Ave #01-09 Singapore 160005,6461 9200,6272 1923,www.sccfsc.sg,hello@sccfsc.org.sg,103.8283176,1.2921551
South West Community Development Council,Blk 8 Jurong Town Hall Road #03-11 The JTC Summit Singapore 609434,6316 1616,6316 7251,-,-,103.7415697,1.3313321
Special Needs Trust Company Limited,Blk 298 Tiong Bahru Road Central Plaza #03-05 168730,6593 6497,6270 7936,www.sntc.org.sg,admin@sntc.org.sg,103.8281439,1.2863212
Spectra Secondary,Blk 1 Woodlands Drive 64 Singapore  737758,6466 0775,6462 3928,-,Christopher_chee@spectra.edu.sg,103.8043789,1.4364557
Sree Narayana Mission Home for the Aged Sick,Blk 12 Yishun Avenue 5 Singapore 768992,6752 1785,6752 9548,www.sreenarayanamission.org,bernadette@snm.org.sg,103.831136,1.4300181
St Andrew's Autism School,Blk No 1  Elliot Road Singapore  458686,6517 3800,6517 3801,www.saac.org.sg,irene_lau@saac.org.sg,103.930032,1.310783
St Andrew's Mission Hospital,Blk 8 Simei street 3 #04-02 Singapore 529895,6586 1000,6585 1100,www.sach.org.sg,-,103.9488576,1.3418195
St Andrew's Nursing Home,Blk 60 Buangkok View Singapore 534012,6880 5330,6880 5347,www.samh.org.sg,enquiries@sanh.org.sg,103.8851742,1.3805286
St John's Home for Elderly Persons,Blk 69 Wan Tho Avenue Singapore 347601,6284 8221,6285 4885,www.sjhfep.org.sg,stjnhome@singnet.com.sg,103.8736143,1.3329289
St Luke's Eldercare Ltd - HQ,Blk 50 Kallang Pudding Road #07-02 Singapore 349326,6390 9368,-,www.slec.org.sg,hq@slec.org.sg,103.8784283,1.3283702
St Luke's Hospital Ltd,Blk 2 Bukit Batok Street 11 Singapore 659674,6563 2281,6581 8205,www.slh.org.sg,chianeetan@stluke.org.sg,103.742008,1.349345
St. Hilda's Community Services Centre,Blk 10 Jalan Batu #01-06 Singapore 431010,6345 0054,6346 5432,www.sthildascsc.org.sg,info@sthildascsc.org.sg,103.882927,1.301943
Student Advisory Centre - Children's Wishing Well,Blk 365 Clementi Avenue 2 #01-503 Singapore 120365,6777 0041,6777 0664,www.wishingwell.org.sg,georgie@wishingwell.org.sg,103.7702072,1.312215
Sunlove Abode For Intellectually-Infirmed Ltd,Blk 70 Buangkok View Buangkok Green Medical Park Singapore 534190,6387 3548,6343 7464,www.sunlovehome.org.sg,sunlovehome@hotmail.com,103.8854725,1.3807254
Sunshine Welfare Action Mission (SWAMI),Blk 5 Sembawang Walk Singapore 757717,6257 6117,6754 8443,www.swami.org.sg,swamihme@singnet.com.sg,103.8240579,1.440016
Tan Tock Seng Hospital -  Rehab Centre (C&C),Blk 17 Ang Mo Kio Avenue 9 Singapore 569766,6450 6181,6459 3441,-,contact@ttsh.com.sg,103.8403717,1.3841331
Tan Tock Seng Hospital - Care & Counselling Dept,Blk 11 Jalan Tan Tock Seng B2 308433,6357 8222,6357 8223,-,-,103.8453715,1.3218081
Tan Tock Seng Rehabilitation Centre - CRP,Blk 17 Ang Mo Kio Avenue 9 Singapore 569766,6450 6186,6772 4571,-,-,103.8403717,1.3841331
Tanjong Pagar Community Club,Blk 101 Cantonment Road Singapore 089774,6221 9898,6222 5859,-,pa_tanjongpagarcc@pa.gov.sg,103.8416016,1.2761234
Teen Challenge Singapore,Blk 735 Old Choa Chu Kang Road Singapore 699798,6793 7933,6793 7457,www.teenchallenge.org.sg,info@teenchallenge.org.sg,103.701409,1.372222
The Boy's Brigade in Singapore,Blk 105 Ganges Avenue BB Campus Singapore 169695,6737 0377,6737 1676,www.BB.org.sg,julie_ong@bb.org.sg,103.8317225,1.2914559
The Eurasian Association Singapore,Blk 139 Ceylon Road Singapore 429744,6447 1578,6447 3189,www.eurasians.org,ram@eurasians.org,103.899418,1.3100719
The Helping Hand,Blk 819 Upper Serangoon Road Singapore 534678,6283 2204,6283 3748,www.thehelpinghand.org.sg,adminsupport@thehelphand.org,103.88158,1.357828
The New Charis Mission,"Blk 1 11 Jalan Ubi, Kembangan-Chai Chee Community Hub Block 1, #01-01 Singapore 409047",6483 3707,6483 3658,www.thenewcharismission.org.sg,admin@tncm.org.sg,103.8999315,1.3171718
The Operation Hope Foundation Ltd,Blk 55 Ayer Rajah Cresent 06-23 Singapore 139949,6873 2955,-,www.ohf.org.sg,admin@ohf.org.sg,103.7878156,1.2950412
The Ray of Hope Initiative Limited,Blk 8  Temasek Boulevard Suntec Tower 3 #18-03 Singapore  038988,6931 0055,-,www.rayofhope.sg,info@rayofhope.sg,103.8594994,1.2953148
The Salvation Army - Family Support Services,Blk 42 Beo Crescent #01-95 Singapore 160042,6273 7207,-,www.salvationarmy.org,fss_beo@SMM.salvationarmy.org,103.8264542,1.2887879
The Salvation Army - Prison Support Services,Blk 356 Tanglin Road Belevere  Block B Level 3 Singapore 247674,6355 1456,-,www.salvationarmy.org/singapore/prison_supp,kidsinplay@SMM.Salvationarmy.org,103.8150601,1.2946972
The Salvation Army - Red Shield Industries,Blk 356 Tanglin Road Singapore 247674,6718 2507,6718 2504,www.salvationarmy.org.sg,Donor@SMM.salvationarmy.org,103.8150601,1.2946972
The Salvation Army – Youth Development Centre,Blk 65 Kallang Bahru #01-305 Singpapore 330065,6291 6303,-,www.salvationarmy.org.sg,ydc@smm.salvationarmy.org,103.8686454,1.3198895
The SBL Vision Family Service Centre,Blk 946 Tampines Avenue 4 #01-338 Singapore 520946,6544 2263,6544 2253,www.sblvisionfsc.org.sg,sbl@sblvisionfsc.org.sg,103.9398804,1.3513551
The WP Community Fund,Blk 7500A Beach Road #14-324 Singapore 199591,6846 1140,-,www.wpcf.sg,enquiries@wpcf.sg,103.860815,1.299739
THK Bedok Radiance SAC,"Blk Blk 12 Bedok South Ave 2, Singapore #01-610 460012",6242 2483,6444 5107,-,-,103.9372926,1.3236244
THK Care From Your Community,Blk 133 New Bridge Road #04-04 Singapore 059413,6924 0315,-,www.thkmc.org.sg,cfc@thkmc.org.sg,103.8447228,1.2852093
THK Cluster Support @ Ang Mo Kio,Blk 650 Ang Mo Kio Street 61 #01-09 Singapore 560650,6556 4833,-,www.thkmc.org.sg,acs@thkmc.org.sg,103.8426748,1.3776467
THK Cluster Support @ Bedok,Blk 13 Bedok South Road #01-625 Singapore 460013,6241 8171,6241 8177,www.thkmc.org.sg,bcs@thkmc.org.sg,103.9371033,1.3206364
THK Cluster Support @ Bukit Merah,Blk 44   Beo Crescent #01-57 Singapore 160044,6924 2951,6538 3805,www.thkmc.org.sg,csbm@thkmc.org.sg,103.8264942,1.2889112
THK Cluster Support @ Geylang,Blk 93 Paya Lebar Way #01-3057 Singapore 370093,6846 1228,6846 1226,www.thkms.org.sg,gcs@thkmc.org.sg,103.8883456,1.322814
THK Crest @ Central,Blk 44 Beo Crescent #01-57 Singapore 160044,6924 2951,-,www.thkmc.org.sg,csbm@thkmc.org.sg,103.8264942,1.2889112
THK Crest @ Chong Pang,Blk 131 Yishun Street 11 01-235 760131,6690 0110,-,www.thkmc.org.sg,crest@thkmc.org.sg,103.8333993,1.4308789
THK Family Service Centre @ Bedok North,Blk 554 Bedok North Street 3 #01-241 Singapore 460554,6449 1440,6242 2040,www.thkmc.org.sg,-,103.928014,1.33285
THK Family Service Centre @ Bukit Panjang,Blk 139 Petir Road #01-448 Singapore 670139,6767 1740,6767 2771,www.thkmc.org.sg,bpfsc@thkmc.org.sg,103.769577,1.3753952
THK Family Service Centre @ Jurong,Blk 183B  Boon Lay Avenue  #01-716 Singapore  642183,6716 9466,6261 8187,www.thkmc.org.sg,jurongfsc@thkmc.org.sg,103.7096914,1.3483996
THK Family Service Centre @ MacPherson,Blk 91 Paya Lebar Way #01-3023 Singapore 370091,6741 4255,6741 6989,www.thkmc.org.sg,macfsc@thkmc.org.sg,103.8863735,1.3227107
THK Family Service Centre @ Tanjong Pagar,Blk 18 Jalan Membina #04-01 Singapore 164018,6270 6711,6270 9663,www.thkmc.org.sg,tpfsc@thkmc.org.sg,103.8267886,1.2854546
THK Moral Child Care Centre @ Macpherson,Blk 93 Paya Lebar Way #01-3039 Singapore  370093,6741 8359,6741 2364,www.thkms.org.sg,agnestan@thkms.org.sg,103.8883456,1.322814
THK Pan-Disability Centre @ Eunos,Blk 3 Eunos Crescent #01-2577 Singapore 400003,6846 1171,6846 1121,www.thkmc.org.sg,hanscheong@thkmc.org.sg,103.903156,1.320662
THK Seniors Activity Centre @ AMK 257,Blk 257 Ang Mo Kio Avenue 4 #01-67 Singapore 560257,6459 9139,6459 9329,www.thkmc.org.sg,amksac257@thkmc.org.sg,103.835595,1.370193
Thye Hua Kwan Hospital - Ang Mo Kio,Blk 17  Ang Mo Kio Avenue 9 Singapore 569766,6450 8033,6450 6171,www.amkh.org.sg,grace_tan@amkh.org.sg,103.8403717,1.3841331
Thye Hua Kwan Moral Charities - THK Care Provider,Blk 131 Yishun Street 11 #01-235 Singapore 760131,6690 0110,6754 6424,www.thkmc.org.sg,-,103.831219,1.433214
Thye Hua Kwan Moral Society,Blk 1 North Bridge Road High Street Centre #03-33 Singapore 179094,6337 1201,6334 5431,www.thkms.org.sg,mwh@thkms.org.sg,103.849293,1.2899163
Toa Payoh East - Novena Constituency Office,Blk 160 Lorong 6 Toa Payoh East Community Club Singapore 319380,6251 6515,-,-,pa_toapayoheastcc@pa.gov.sg,103.8546523,1.3362303
Toa Payoh Senior Citizen's Health Care,Blk 249 Kim Keat Link #01-83 Singapore 310249,6259 0669,6251 0285,www.truepassion.org.sg,admin@truepassion.org.sg,103.8566442,1.3313391
TOUCH Cluster Support @ Kallang,Blk 61 Geylang Bahru #01-3293 Singapore 330061,6297 9897,6298 1823,www.touch.org.sg,clustersupport@touch.org.sg,103.8694347,1.3224332
TOUCH Cluster Support @ Yishun,Blk 108 Yishun Ring Road #01-287 Singapore 760108,6481 5031,6481 5142,www.touch.org.sg,siewwah.poh@touch.org.sg,103.8290981,1.432342
Touch Community Services - Touch Family Enablement,Blk 162 Bukit Merah Central #05-3545 Singapore 150162,6377 0122,6377 0121,www.touch.org.sg,tcs@touch.org.sg,103.8174297,1.2838751
Touch Community Services Ltd,Blk 162 Bukit Merah Central #05-3545 Singapore 150162,6377 0122,6377 0121,www.touch.org.sg,chiewgoek.ang@touch.org.sg,103.8174297,1.2838751
TOUCH Home Care ( Ang Mo Kio ),Blk 444 Ang Mo Kio Avenue 10 #01-1603 Singapore 560444,6804 6565,6451 2086,www.touch.org.sg,homecare@touch.org.sg,103.8555479,1.3666375
TOUCH Home Care (Jurong),Blk 457 Jurong West Street 41 #01-762 Singapore 640457,6631 3080,6896 1907,www.tcs.org.sg,-,103.7209445,1.350764
TOUCH Home Care (Toa Payoh),Blk 173 Lorong 1 Toa Payoh  #01-1264 Singapore 310173,6661 0855,6258 1013,www.touch.org.sg,tcs@touch.org.sg,103.8425052,1.3300248
TRANS Family Service Centre (Bedok Reservoir),Blk 133 Bedok Reservoir Road 01-1205 Singapore 470133,67473202,67473022,www.transfamilyservices.org.sg,transbr@trans.org.sg,103.9119068,1.3324839
TRANS Family Service Centre (Bedok),Blk 411 Bedok North Ave 2 #01-106 460411,6449 0762,6449 8135,www.transfamilyservices.org.sg,transbd@trans.org.sg,103.9308277,1.3278344
TRANS Family Service Centre (Bukit Timah),Blk 1 Toh Yi Drive #01-143 Singapore 591501,6466 2287,6469 2790,www.transfamilyservices.org.sg,transbt@trans.org.sg,103.7747655,1.3395672
Trybe Limited,Blk 479 Tampines Street 44 #01-241 Singapore 520479,6784 1481,6784 8523,www.trybe.org,narash@trybe.org,103.95368,1.361342
Tsao Foundation,Blk 298 Central Plaza Tiong Bahru Road  #15-01 Singapore 038985,6593 9500,6593 9505,www.tsaofoundation.org,tsao1@pacific.net.sg,103.8281439,1.2863212
Vanguard Healthcare Pte Ltd - Bukit Batok,Blk 11  Bukit Batok West Ave 9  Singapore  657995,6843 7168,6904 3952,www.carehome.com.sg,BukitBatok@vanguardhealthcare.com.sg,103.7404717,1.3536300000000001
Vanguard Healthcare Pte Ltd - Pearl's Hill,Blk 5  Pearl's Hill Road Singapore 168996,6320 9818,6320 9828,www.carehome.com.sg,pearlshill@vanguardhealthcare.com.sg,103.841897,1.285507
Vanguard Healthcare Pte Ltd - Tampines,Blk 31  Tampines Street 61  Singapore  737749,6541 9500,6266 1439,www.carehome.com.sg,tampines@vanguardhealthcare.com.sg,103.9375302,1.3630639
Vanguard Healthcare Pte Ltd - Woodlands,Blk 2  Woodlands Rise  Singapore  737749,6540 9200,6266 1439,www.carehome.com.sg,woodlands@vanguardhealthcare.com.sg,103.8044584,1.4460386
Viriya Family Service Centre,Blk 142 Potong Pasir Avenue 3 #01-224 Singapore 350142,6285 8033,6285 8062,www.viriya.org.sg,DREAMSadmin@gmail.com,103.866983,1.3331527
Wan Min Community Services,Blk 65 & 67 Woodsville Close Singapore 357794,6382 0323,6382 9631,-,wondrous_cross@hotmail.com,103.86795,1.33054
We Care Community Services Limited,Blk 11 Jalan Ubi Block 5  #01-41 Singapore 409074,6547 5459,6547 5458,www.wecare.org.sg,admin@wecare.org.sg,103.8998091,1.3174069
Whampoa CCC Community Development & Welfare Fund,Blk 300 Whampoa Drive Singapore 327737,6352 2023,6352 0305,-,ng_min_fen@pa.gov.sg,103.856995,1.324816
Whampoa Eldercare Centre,Blk 97 Whampoa Drive #01-222 Singapore 320097,6252 9661,6252 9662,-,-,103.8549441,1.321369
Whampoa Family Service Centre,Blk 300  Whampoa Drive  Whampoa Community Club  #02-13 Singapore  327737,6326 0300,6326 0301,www.wfsc.org.sg,info@wfsc.org.sg,103.8569444,1.3247222
Wheelchair Racing Association (Singapore),Blk 98 St Francis Lodge St Francis Road #06-02 Singapore 328074,8107 3068,6775 8744,www.wcracing.org,info@wcracing.org,103.863997,1.3252102
Whispering Hearts Family Service Centre,Blk 646 Jurong West Street 61 #01-142 Singapore 640646,6795 1008,6795 8970,www.viriya.org.sg,-,103.6969699,1.339407
Wicare Support Group,Blk 9 Bishan Place Junction 8 Office Tower #08-01 Singapore 579837,6354 2475,6354 2475,www.wicare.org.sg,contactus@wicare.org.sg,103.8487631,1.3506808
Woodlands Social Centre,Blk 830 Woodlands Street 83 #01-33 Singapore 730830,63655234,63631020,www.wsc.org.sg,info@wsc.org.sg,103.7919945,1.4395055
Yayasan Mendaki,Blk 51  Kee Sun Avenue Singapore 457056,6245 5710,6443 8872,www.mendaki.org.sg,mendaki@mendaki.org.sg,103.9288552,1.3111721
Yong-En Care Centre,Blk 335A Smith Street Chinatown Complex #03-57 Singapore 051335,6225 1002,6225 5218,www.yong-en.org.sg,mail@yong-en.org.sg,103.8428528,1.2823021
Young Men's Christian Association of Singapore,Blk 1 Orchard Road Singapore 238824,6430 2224,6430 2221,www.ymca.org.sg,brandonleong@ymca.org.sg,103.8480065,1.2975672
Young Women's Christian Association,Blk 254 Outram Road Singapore 169051,6223 1227,6227 3650,www.ywca.org.ag,admin@ywca.org.sg,103.835165,1.285734
Youth Guidance Outreach Services,Blk 125 Ang Mo Kio Avenue 6 #01-4077 Singpaore 560125,6451 6519,6453 3796,-,boonsiong@ygos.org.sg,103.8448587,1.3714624
YWCA  ( Admin ),Blk 254 Outram Road Singapore 169051,6223 1227,6227 3650,-,admin@ywca.org.sg,103.835165,1.285734
